task,noise,method,k,seed,n_edges,frac_edges,frac_syn,sugar100__readout_full,sugar100__readout,sugar100__readout_ratio,sugar100__readout_trial_sd,sugar100__n_active_full,sugar100__n_active,sugar100__jaccard_active,sugar100__pearson_union,sugar100__pearson_fullactive,sugar100__mean_abs_rate_diff,wall_s
sugar,0.0,mag,1,0,7382052,0.5026188148601454,0.861628670832863,68.33333333333333,71.0,1.0390243902439025,4.96655480858378,361,350,0.9112903225806452,0.9968707832498744,0.996811227101331,1.2804659498207889,168
sugar,0.0,rand,1,0,7382052,0.5026188148601454,0.5028932368158975,68.33333333333333,8.0,0.1170731707317073,0.816496580927726,361,65,0.1767955801104972,0.582107563334759,0.5825302187754878,18.41896869244936,358
sugar,0.0,rand,1,1,7382052,0.5026188148601454,0.5027530684141701,68.33333333333333,1.6666666666666667,0.024390243902439,0.4714045207910317,361,45,0.1215469613259668,0.5867546984751825,0.587147674101033,18.18324125230203,189
sugar,0.0,rand,1,2,7382052,0.5026188148601454,0.5024544150101113,68.33333333333333,8.0,0.1170731707317073,0.816496580927726,361,84,0.2292817679558011,0.608542219086322,0.6093328920545599,17.460405156537753,186
sugar,0.0,dp,1,0,7382052,0.5026188148601454,0.861628670832863,68.33333333333333,0.0,0.0,0.0,361,62,0.0023696682464454,-0.2077042347524303,-0.0189527156158649,18.955766192733016,199
sugar,0.0,dp,1,1,7382052,0.5026188148601454,0.861628670832863,68.33333333333333,0.0,0.0,0.0,361,64,0.0,-0.2236711054402039,,18.94274509803921,191
sugar,0.0,dp,1,2,7382052,0.5026188148601454,0.861628670832863,68.33333333333333,0.0,0.0,0.0,361,66,0.0,-0.2103548790131212,,18.737704918032787,274
sugar,0.0,act,1,0,7382052,0.5026188148601454,0.8611147073987455,68.33333333333333,62.0,0.9073170731707316,1.4142135623730951,361,343,0.9182561307901907,0.997733555231001,0.9977181644054924,1.079927338782925,308
sugar,0.0,mag,2,0,4770900,0.3248343555174452,0.7627094809660686,68.33333333333333,71.0,1.0390243902439025,4.320493798938574,361,339,0.8970189701897019,0.9889767937741912,0.9888519951653996,2.523035230352304,180
sugar,0.0,rand,2,0,4770900,0.3248343555174452,0.3251295103942352,68.33333333333333,0.0,0.0,0.0,361,37,0.0994475138121546,0.4865648289563322,0.4868085428616258,19.380294659300183,264
sugar,0.0,rand,2,1,4770900,0.3248343555174452,0.3247583482547964,68.33333333333333,0.0,0.0,0.0,361,26,0.0690607734806629,0.5156518823204111,0.5177031553632286,19.42817679558011,399
sugar,0.0,rand,2,2,4770900,0.3248343555174452,0.3247394444622391,68.33333333333333,0.0,0.0,0.0,361,23,0.0607734806629834,0.4883397296182578,0.4926934880753466,19.85635359116022,263
sugar,0.0,dp,2,0,4770900,0.3248343555174452,0.7627094809660686,68.33333333333333,0.0,0.0,0.0,361,67,0.0,-0.2168259134280237,,18.805295950155763,445
sugar,0.0,dp,2,1,4770900,0.3248343555174452,0.7627094809660686,68.33333333333333,0.0,0.0,0.0,361,89,0.0,-0.254610476609426,,18.155555555555555,287
sugar,0.0,dp,2,2,4770900,0.3248343555174452,0.7627094809660686,68.33333333333333,0.0,0.0,0.0,361,76,0.0,-0.2115178628658355,,18.33867276887872,129
sugar,0.0,act,2,0,4770900,0.3248343555174452,0.7615428063217995,68.33333333333333,62.333333333333336,0.9121951219512195,10.077477638553985,361,357,0.9095744680851064,0.998562827562862,0.998516702601964,0.8900709219858155,168
sugar,0.0,mag,3,0,3428019,0.2334021552676763,0.686400230906606,68.33333333333333,61.333333333333336,0.8975609756097562,5.436502143433364,361,316,0.8497267759562842,0.976264589096516,0.9761526472591736,4.413479052823315,338
sugar,0.0,rand,3,0,3428019,0.2334021552676763,0.233949453645353,68.33333333333333,0.0,0.0,0.0,361,27,0.074792243767313,0.4519595867799819,0.4519595867799819,20.157894736842103,440
sugar,0.0,rand,3,1,3428019,0.2334021552676763,0.2333254769575554,68.33333333333333,0.0,0.0,0.0,361,16,0.0443213296398892,0.4542003426209474,0.4542003426209474,20.42843951985226,313
sugar,0.0,rand,3,2,3428019,0.2334021552676763,0.2334372896704468,68.33333333333333,0.0,0.0,0.0,361,22,0.0609418282548476,0.4377859181548436,0.4377859181548436,20.13942751615882,241
sugar,0.0,dp,3,0,3428019,0.2334021552676763,0.686400230906606,68.33333333333333,0.0,0.0,0.0,361,54,0.002415458937198,-0.210871287671765,-0.0449769365589854,19.24798711755233,184
sugar,0.0,dp,3,1,3428019,0.2334021552676763,0.686400230906606,68.33333333333333,0.0,0.0,0.0,361,71,0.0,-0.2315805486390773,,18.781635802469136,448
sugar,0.0,dp,3,2,3428019,0.2334021552676763,0.686400230906606,68.33333333333333,0.0,0.0,0.0,361,119,0.0020876826722338,-0.2618221412109818,0.064812745544804,17.61934585942937,270
sugar,0.0,act,3,0,3428019,0.2334021552676763,0.6846584301567088,68.33333333333333,67.66666666666667,0.9902439024390244,6.128258770283412,361,353,0.9193548387096774,0.9976337090636695,0.997588935751164,1.1594982078853049,274
sugar,0.0,mag,5,0,2071412,0.1410353983590312,0.5733365339714506,68.33333333333333,65.0,0.951219512195122,2.160246899469287,361,322,0.8262032085561497,0.9479740033172356,0.947195445585849,5.546345811051694,196
sugar,0.0,rand,5,0,2071412,0.1410353983590312,0.1408182716861021,68.33333333333333,0.0,0.0,0.0,361,7,0.0193905817174515,0.183728791458467,0.183728791458467,20.822714681440445,197
sugar,0.0,rand,5,1,2071412,0.1410353983590312,0.1410145832152241,68.33333333333333,0.0,0.0,0.0,361,11,0.0304709141274238,0.2751453877250921,0.2751453877250921,20.69529085872576,166
sugar,0.0,rand,5,2,2071412,0.1410353983590312,0.1410327861657727,68.33333333333333,0.0,0.0,0.0,361,10,0.0248618784530386,0.373151578916546,0.3735541556988238,20.5902394106814,133
sugar,0.0,dp,5,0,2071412,0.1410353983590312,0.5733365339714506,68.33333333333333,0.0,0.0,0.0,361,79,0.0045662100456621,-0.2367455517106546,-0.0165687123596198,18.58904109589041,147
sugar,0.0,dp,5,1,2071412,0.1410353983590312,0.5733365339714506,68.33333333333333,0.0,0.0,0.0,361,66,0.0047058823529411,-0.2107785211359306,-0.0493775474702495,18.898823529411764,286
sugar,0.0,dp,5,2,2071412,0.1410353983590312,0.5733365339714506,68.33333333333333,0.0,0.0,0.0,361,70,0.0,-0.2162711798042204,,18.634957463263728,329
sugar,0.0,act,5,0,2071412,0.1410353983590312,0.5703056195842079,68.33333333333333,63.333333333333336,0.926829268292683,1.699673171197595,361,350,0.9164420485175202,0.9980744129752744,0.9980393536562602,1.1132075471698113,532
sugar,0.0,mag,10,0,895137,0.060946834034421,0.4067287727599152,68.33333333333333,53.66666666666666,0.7853658536585366,1.699673171197595,361,269,0.6844919786096256,0.8206735660137335,0.8208265924034426,10.51693404634581,414
sugar,0.0,rand,10,0,895137,0.060946834034421,0.0610431305938202,68.33333333333333,0.0,0.0,0.0,361,3,0.0083102493074792,0.0897198949516296,0.0897198949516296,21.07663896583564,692
sugar,0.0,rand,10,1,895137,0.060946834034421,0.0608190316261396,68.33333333333333,0.0,0.0,0.0,361,3,0.0083102493074792,0.2570144599162848,0.2570144599162848,21.025854108956604,321
sugar,0.0,rand,10,2,895137,0.060946834034421,0.0610677737141779,68.33333333333333,0.0,0.0,0.0,361,6,0.0166204986149584,0.2955116529490366,0.2955116529490366,20.933518005540165,265
sugar,0.0,dp,10,0,895137,0.060946834034421,0.4067287727599152,68.33333333333333,0.0,0.0,0.0,361,72,0.0023148148148148,-0.2065507738610573,0.0761983422074195,18.542438271604937,236
sugar,0.0,dp,10,1,895137,0.060946834034421,0.4067287727599152,68.33333333333333,0.0,0.0,0.0,361,60,0.0071770334928229,-0.2038609087312693,-0.0361722189464289,19.02791068580542,171
sugar,0.0,dp,10,2,895137,0.060946834034421,0.4067287727599152,68.33333333333333,0.0,0.0,0.0,361,84,0.0022522522522522,-0.2229574002426275,-0.0344045968008427,18.15840840840841,347
sugar,0.0,act,10,0,895137,0.060946834034421,0.4007118546990102,68.33333333333333,67.0,0.9804878048780488,4.96655480858378,361,352,0.9427792915531336,0.9971835131270383,0.9971507730468732,1.2052679382379656,381
sugar,0.0,mag,20,0,323821,0.0220478705984226,0.2519982378937735,68.33333333333333,7.666666666666667,0.1121951219512195,4.109609335312651,361,132,0.3433242506811989,0.5907434756591474,0.5922148769304248,17.891916439600365,446
sugar,0.0,rand,20,0,323821,0.0220478705984226,0.0221386140856855,68.33333333333333,0.0,0.0,0.0,361,1,0.002770083102493,0.1323130686160229,0.1323130686160229,21.10064635272392,224
sugar,0.0,rand,20,1,323821,0.0220478705984226,0.0218883377218986,68.33333333333333,0.0,0.0,0.0,361,2,0.0055401662049861,0.2344707131188334,0.2344707131188334,21.01939058171745,151
sugar,0.0,rand,20,2,323821,0.0220478705984226,0.0220462544739528,68.33333333333333,0.0,0.0,0.0,361,0,0.0,,,21.10156971375808,147
sugar,0.0,dp,20,0,323821,0.0220478705984226,0.2519982378937735,68.33333333333333,0.0,0.0,0.0,361,110,0.0064102564102564,-0.2556983117953975,-0.057417857705311,17.67663817663818,134
sugar,0.0,dp,20,1,323821,0.0220478705984226,0.2519982378937735,68.33333333333333,0.0,0.0,0.0,361,87,0.0044843049327354,-0.2434690563372944,-0.03927585683964,18.269805680119585,139
sugar,0.0,dp,20,2,323821,0.0220478705984226,0.2519982378937735,68.33333333333333,0.0,0.0,0.0,361,86,0.0,-0.2271971840753268,,18.15510812826249,113
sugar,0.0,act,20,0,323821,0.0220478705984226,0.24145293337328,68.33333333333333,71.66666666666667,1.048780487804878,4.189935029992178,361,368,0.9491978609625668,0.9971078403341028,0.9970141363484192,1.3155080213903745,89
sugar,0.0,mag,31,0,150088,0.0102189814816706,0.1696945914260617,68.33333333333333,6.333333333333333,0.0926829268292682,1.247219128924647,361,66,0.173076923076923,0.4707038979145885,0.4748395003548211,19.061355311355307,87
sugar,0.0,rand,31,0,150088,0.0102189814816706,0.0101525678121941,68.33333333333333,0.0,0.0,0.0,361,0,0.0,,,21.10156971375808,92
sugar,0.0,rand,31,1,150088,0.0102189814816706,0.0103111285812292,68.33333333333333,0.0,0.0,0.0,361,2,0.0055401662049861,0.1526327573334183,0.1526327573334183,21.072945521698987,86
sugar,0.0,rand,31,2,150088,0.0102189814816706,0.0102892698872301,68.33333333333333,0.0,0.0,0.0,361,0,0.0,,,21.10156971375808,89
sugar,0.0,dp,31,0,150088,0.0102189814816706,0.1696945914260617,68.33333333333333,0.0,0.0,0.0,361,59,0.0096153846153846,-0.1741791246501996,0.107244642158145,19.231570512820515,90
sugar,0.0,dp,31,1,150088,0.0102189814816706,0.1696945914260617,68.33333333333333,0.0,0.0,0.0,361,47,0.0,-0.2252428595959438,,19.64052287581699,92
sugar,0.0,dp,31,2,150088,0.0102189814816706,0.1696945914260617,68.33333333333333,0.0,0.0,0.0,361,67,0.0118203309692671,-0.2492639210380614,-0.0252377286763894,19.132387706855795,91
sugar,0.0,act,31,0,150088,0.0102189814816706,0.1551878058642633,68.33333333333333,72.33333333333333,1.0585365853658537,3.2998316455372216,361,348,0.9318801089918256,0.9983596215894324,0.99834965924001,1.0772025431425978,93
sugar,0.0,mag,50,0,61753,0.0042045517525558,0.1045522169820496,68.33333333333333,0.0,0.0,0.0,361,3,0.0083102493074792,0.2744118686928912,0.2744118686928912,20.723915050784857,105
sugar,0.0,rand,50,0,61753,0.0042045517525558,0.0042249597532005,68.33333333333333,0.0,0.0,0.0,361,0,0.0,,,21.10156971375808,91
sugar,0.0,rand,50,1,61753,0.0042045517525558,0.0041586449458428,68.33333333333333,0.0,0.0,0.0,361,0,0.0,,,21.10156971375808,165
sugar,0.0,rand,50,2,61753,0.0042045517525558,0.0042123256553692,68.33333333333333,0.0,0.0,0.0,361,0,0.0,,,21.10156971375808,98
sugar,0.0,dp,50,0,61753,0.0042045517525558,0.1045522169820496,68.33333333333333,0.0,0.0,0.0,361,18,0.0026455026455026,-0.1535495187948663,-0.0303383122784802,20.76102292768959,96
sugar,0.0,dp,50,1,61753,0.0042045517525558,0.1045522169820496,68.33333333333333,0.0,0.0,0.0,361,6,0.0,-0.1208495832732394,,21.166212534059948,91
sugar,0.0,dp,50,2,61753,0.0042045517525558,0.1045522169820496,68.33333333333333,0.0,0.0,0.0,361,81,0.011441647597254,-0.1577037283750265,-0.0288004585920603,18.098398169336384,89
sugar,0.0,act,50,0,61753,0.0042045517525558,0.0867075103498737,68.33333333333333,72.66666666666667,1.0634146341463415,3.681787005729087,361,351,0.9191374663072776,0.99686299532819,0.9968106795807384,1.2740341419586705,102
sugar,3.5,mag,0,0,14687178,1.0,1.0,49.333333333333336,49.333333333333336,1.0,36.05859429071275,99827,99827,1.0,1.0,1.0,0.0,192
sugar,3.5,mag,1,0,7382052,0.5026188148601454,0.861628670832863,49.333333333333336,29.0,0.5878378378378378,5.715476066494082,99827,99893,0.7589347048773184,0.9854551051289122,0.9855575021325736,1.2855259835954886,180
sugar,3.5,rand,1,0,7382052,0.5026188148601454,0.5028932368158975,49.333333333333336,43.0,0.8716216216216216,7.788880963698615,99827,108853,0.7331074347219454,0.8517429140856713,0.8546461438708476,3.365593094589507,181
sugar,3.5,rand,1,1,7382052,0.5026188148601454,0.5027530684141701,49.333333333333336,18.33333333333333,0.3716216216216216,2.6246692913372702,99827,108692,0.7338871288281321,0.8553443462685604,0.8583898268437846,3.34583946582849,171
sugar,3.5,rand,1,2,7382052,0.5026188148601454,0.5024544150101113,49.333333333333336,31.666666666666668,0.6418918918918919,0.9428090415820634,99827,108735,0.7342014235348899,0.855610006177735,0.8577285380769099,3.3154227366460454,173
sugar,3.5,dp,1,0,7382052,0.5026188148601454,0.861628670832863,49.333333333333336,0.3333333333333333,0.0067567567567567,0.4714045207910317,99827,116920,0.731953078803957,0.0615086030542052,0.0796968367243179,4.830200991908117,168
sugar,3.5,dp,1,1,7382052,0.5026188148601454,0.861628670832863,49.333333333333336,1.0,0.0202702702702702,0.816496580927726,99827,116663,0.7294158059130379,0.0597863479842408,0.0779336310324384,4.830418886785268,166
sugar,3.5,dp,1,2,7382052,0.5026188148601454,0.861628670832863,49.333333333333336,1.0,0.0202702702702702,0.816496580927726,99827,116804,0.7303348349787533,0.0606168672462666,0.0796255551694288,4.827736775402834,169
sugar,3.5,act,1,0,7382052,0.5026188148601454,0.8250565186461195,49.333333333333336,50.66666666666666,1.027027027027027,37.74770044504551,99827,99567,0.7609955134772318,0.998841514370088,0.9989309965140428,0.6507077165836485,179
sugar,3.5,mag,2,0,4770900,0.3248343555174452,0.7627094809660686,49.333333333333336,36.333333333333336,0.7364864864864865,3.39934634239519,99827,100373,0.7571422302189845,0.9725817770961634,0.9726487798793804,1.5988180395254603,176
sugar,3.5,rand,2,0,4770900,0.3248343555174452,0.3251295103942352,49.333333333333336,0.3333333333333333,0.0067567567567567,0.4714045207910317,99827,112050,0.727887328538109,0.7704383409785034,0.7733607304014196,3.997898691371315,170
sugar,3.5,rand,2,1,4770900,0.3248343555174452,0.3247583482547964,49.333333333333336,62.0,1.2567567567567568,7.874007874011811,99827,112460,0.728989012958031,0.7763397213762289,0.7794252458049674,3.945857529530899,171
sugar,3.5,rand,2,2,4770900,0.3248343555174452,0.3247394444622391,49.333333333333336,3.0,0.0608108108108108,0.816496580927726,99827,112299,0.7300308284535209,0.7829211910778566,0.7862519864562911,3.951560724441472,169
sugar,3.5,dp,2,0,4770900,0.3248343555174452,0.7627094809660686,49.333333333333336,2.6666666666666665,0.054054054054054,1.247219128924647,99827,116555,0.728787830366559,0.0669226588095777,0.085899327970396,4.822677979823805,170
sugar,3.5,dp,2,1,4770900,0.3248343555174452,0.7627094809660686,49.333333333333336,0.0,0.0,0.0,99827,116199,0.7280835779823853,0.0584713562466449,0.0760582967296268,4.836139797934549,167
sugar,3.5,dp,2,2,4770900,0.3248343555174452,0.7627094809660686,49.333333333333336,0.6666666666666666,0.0135135135135135,0.4714045207910317,99827,116452,0.72929126555154,0.0627271825176681,0.0811362856834113,4.834058272299869,173
sugar,3.5,act,2,0,4770900,0.3248343555174452,0.6870925302194076,49.333333333333336,28.666666666666668,0.581081081081081,8.178562764256865,99827,100117,0.7616211453744494,0.9986699570328144,0.9987618575164032,0.6584082232011746,182
sugar,3.5,mag,3,0,3428019,0.2334021552676763,0.686400230906606,49.333333333333336,41.0,0.831081081081081,2.160246899469287,99827,101118,0.7567732967311576,0.961569489144272,0.9616775352528852,1.8104001468749729,176
sugar,3.5,rand,3,0,3428019,0.2334021552676763,0.233949453645353,49.333333333333336,9.333333333333334,0.1891891891891892,1.699673171197595,99827,113521,0.7254324741809477,0.6941094934980633,0.6975159634981396,4.334098941358199,185
sugar,3.5,rand,3,1,3428019,0.2334021552676763,0.2333254769575554,49.333333333333336,2.6666666666666665,0.054054054054054,1.247219128924647,99827,113686,0.7274095288949297,0.7056357295961633,0.709513434260143,4.327456992683565,176
sugar,3.5,rand,3,2,3428019,0.2334021552676763,0.2334372896704468,49.333333333333336,20.33333333333333,0.4121621621621621,14.704496666741854,99827,113786,0.7267935815043854,0.7203912656745344,0.7240376302253585,4.25975506244695,171
sugar,3.5,dp,3,0,3428019,0.2334021552676763,0.686400230906606,49.333333333333336,1.3333333333333333,0.027027027027027,0.9428090415820634,99827,116459,0.7290154446327503,0.0795482031981177,0.0985072312083365,4.82573092870314,170
sugar,3.5,dp,3,1,3428019,0.2334021552676763,0.686400230906606,49.333333333333336,1.3333333333333333,0.027027027027027,0.4714045207910317,99827,116393,0.7283911142375239,0.0697356024678548,0.0884193305194589,4.837811120259421,171
sugar,3.5,dp,3,2,3428019,0.2334021552676763,0.686400230906606,49.333333333333336,0.3333333333333333,0.0067567567567567,0.4714045207910317,99827,116577,0.7303045567575779,0.0714327552151292,0.0946710843680325,4.830080410233449,170
sugar,3.5,act,3,0,3428019,0.2334021552676763,0.5680461996567427,49.333333333333336,36.66666666666666,0.7432432432432432,3.299831645537222,99827,100769,0.7614991482112436,0.998604194835146,0.9987023952093874,0.6695235251760656,178
sugar,3.5,mag,5,0,2071412,0.1410353983590312,0.5733365339714506,49.333333333333336,39.66666666666666,0.804054054054054,8.806563209081938,99827,102064,0.7529825475384214,0.941580760345964,0.941784211695837,2.113785418656479,169
sugar,3.5,rand,5,0,2071412,0.1410353983590312,0.1408182716861021,49.333333333333336,0.6666666666666666,0.0135135135135135,0.4714045207910317,99827,114827,0.7250568579074683,0.5823831639754864,0.5878694636269359,4.616160236164576,173
sugar,3.5,rand,5,1,2071412,0.1410353983590312,0.1410145832152241,49.333333333333336,1.0,0.0202702702702702,0.0,99827,114761,0.7258024304131381,0.5709928446674801,0.5769184456568057,4.646217525460896,173
sugar,3.5,rand,5,2,2071412,0.1410353983590312,0.1410327861657727,49.333333333333336,0.0,0.0,0.0,99827,114979,0.726403266250884,0.5940885468870037,0.5987787815818559,4.592179429477699,167
sugar,3.5,dp,5,0,2071412,0.1410353983590312,0.5733365339714506,49.333333333333336,1.3333333333333333,0.027027027027027,0.4714045207910317,99827,116409,0.7286157388162312,0.0876074155070687,0.1100725123915264,4.845873437150257,166
sugar,3.5,dp,5,1,2071412,0.1410353983590312,0.5733365339714506,49.333333333333336,6.333333333333333,0.1283783783783783,1.8856180831641267,99827,116206,0.7274900844421699,0.0835917556689021,0.1033471824637431,4.836961041453429,173
sugar,3.5,dp,5,2,2071412,0.1410353983590312,0.5733365339714506,49.333333333333336,2.6666666666666665,0.054054054054054,0.4714045207910317,99827,116591,0.7307624638121591,0.0919173491357899,0.1155834037365367,4.839656542068531,172
sugar,3.5,act,5,0,2071412,0.1410353983590312,0.3853537544551532,49.333333333333336,33.666666666666664,0.6824324324324323,5.557777333511022,99827,103433,0.7618556432948763,0.9983115881324408,0.9984249695550128,0.6987497869119129,189
sugar,3.5,mag,10,0,895137,0.060946834034421,0.4067287727599152,49.333333333333336,33.666666666666664,0.6824324324324323,6.649979114420002,99827,105340,0.7449586228599131,0.8812147798335758,0.8816705082440452,2.800848238459336,169
sugar,3.5,rand,10,0,895137,0.060946834034421,0.0610431305938202,49.333333333333336,0.6666666666666666,0.0135135135135135,0.4714045207910317,99827,115039,0.7230633520449078,0.0645769529658728,0.0799827439036608,4.777334937182571,170
sugar,3.5,rand,10,1,895137,0.060946834034421,0.0608190316261396,49.333333333333336,3.0,0.0608108108108108,0.816496580927726,99827,114960,0.7225955986141409,0.0375594370530223,0.0504181954512155,4.777230634329953,171
sugar,3.5,rand,10,2,895137,0.060946834034421,0.0610677737141779,49.333333333333336,0.6666666666666666,0.0135135135135135,0.4714045207910317,99827,115120,0.7228563184302913,0.0463961298671563,0.0595613736994646,4.773494066035065,192
sugar,3.5,dp,10,0,895137,0.060946834034421,0.4067287727599152,49.333333333333336,1.0,0.0202702702702702,0.816496580927726,99827,116198,0.7275089964014394,0.1091139524375581,0.1311095068185438,4.831443422630947,184
sugar,3.5,dp,10,1,895137,0.060946834034421,0.4067287727599152,49.333333333333336,3.0,0.0608108108108108,0.816496580927726,99827,116223,0.7286350943728347,0.1126532290147371,0.1392080472977175,4.84661113911492,205
sugar,3.5,dp,10,2,895137,0.060946834034421,0.4067287727599152,49.333333333333336,2.6666666666666665,0.054054054054054,0.4714045207910317,99827,115941,0.7259230818455238,0.1023099976114138,0.1254053941462458,4.821953456624218,192
sugar,3.5,act,10,0,895137,0.060946834034421,0.2088828731809906,49.333333333333336,29.33333333333333,0.5945945945945945,1.699673171197595,99827,107113,0.7574074545871443,0.9840390020520242,0.984178959692292,1.2535165416875438,180
sugar,3.5,mag,20,0,323821,0.0220478705984226,0.2519982378937735,49.333333333333336,46.0,0.9324324324324323,35.59026084010437,99827,108990,0.736148525059031,0.7917654127209122,0.7931288371956741,3.477158091944084,169
sugar,3.5,rand,20,0,323821,0.0220478705984226,0.0221386140856855,49.333333333333336,0.0,0.0,0.0,99827,114789,0.7229791026083605,0.0031363618197843,0.0133091697853812,4.783806060216816,171
sugar,3.5,rand,20,1,323821,0.0220478705984226,0.0218883377218986,49.333333333333336,1.3333333333333333,0.027027027027027,0.9428090415820634,99827,114805,0.7220983038336248,0.0031351671842624,0.0132678827555071,4.7834833726484485,166
sugar,3.5,rand,20,2,323821,0.0220478705984226,0.0220462544739528,49.333333333333336,1.3333333333333333,0.027027027027027,1.8856180831641267,99827,114886,0.7230385272804603,0.0095316579810739,0.0202655571966659,4.781189228518159,179
sugar,3.5,dp,20,0,323821,0.0220478705984226,0.2519982378937735,49.333333333333336,8.0,0.1621621621621621,2.160246899469287,99827,115460,0.725180501799008,0.1238917757085107,0.14808530221209,4.847638585047534,185
sugar,3.5,dp,20,1,323821,0.0220478705984226,0.2519982378937735,49.333333333333336,1.3333333333333333,0.027027027027027,0.4714045207910317,99827,115820,0.7259768532599126,0.1285793327486379,0.1518919266929813,4.828461739580499,188
sugar,3.5,dp,20,2,323821,0.0220478705984226,0.2519982378937735,49.333333333333336,6.0,0.1216216216216216,1.632993161855452,99827,115123,0.7226042217627543,0.1399464107477356,0.163211645316907,4.879985361136488,160
sugar,3.5,act,20,0,323821,0.0220478705984226,0.1115154422296974,49.333333333333336,54.0,1.0945945945945943,31.016124838541646,99827,108562,0.7484792294203032,0.9582192509644004,0.9583539490985667,1.780858008272992,163
sugar,3.5,mag,31,0,150088,0.0102189814816706,0.1696945914260617,49.333333333333336,61.333333333333336,1.2432432432432432,26.51205176686424,99827,113035,0.7305009511731135,0.7032132066668377,0.7052061878776861,3.94313014541296,165
sugar,3.5,rand,31,0,150088,0.0102189814816706,0.0101525678121941,49.333333333333336,0.3333333333333333,0.0067567567567567,0.4714045207910317,99827,115098,0.7231772044321152,0.0011230596127187,0.0111499297510803,4.781197718732796,169
sugar,3.5,rand,31,1,150088,0.0102189814816706,0.0103111285812292,49.333333333333336,1.0,0.0202702702702702,0.0,99827,114799,0.7202006924852526,0.0006921032415282,0.0108439726314687,4.778861567068479,160
sugar,3.5,rand,31,2,150088,0.0102189814816706,0.0102892698872301,49.333333333333336,1.0,0.0202702702702702,0.0,99827,114959,0.7230436003369299,-0.0022239093692877,0.0075407217225502,4.781436765472705,160
sugar,3.5,dp,31,0,150088,0.0102189814816706,0.1696945914260617,49.333333333333336,5.666666666666667,0.1148648648648648,2.6246692913372702,99827,115190,0.7236660681074841,0.1491217621266167,0.1731403681497879,4.844575022980398,160
sugar,3.5,dp,31,1,150088,0.0102189814816706,0.1696945914260617,49.333333333333336,4.666666666666667,0.0945945945945946,0.9428090415820634,99827,115037,0.7230058619279408,0.1338034308820116,0.1573179704574792,4.90791186525852,164
sugar,3.5,dp,31,2,150088,0.0102189814816706,0.1696945914260617,49.333333333333336,16.0,0.3243243243243243,1.4142135623730951,99827,115215,0.7240046819632178,0.1386562287199015,0.1620775993286039,4.845425732625693,156
sugar,3.5,act,31,0,150088,0.0102189814816706,0.0734374078665045,49.333333333333336,78.0,1.581081081081081,14.98888477061141,99827,109886,0.7385245425982574,0.927787176124915,0.9282533808248532,2.195271373738881,162
sugar,3.5,mag,50,0,61753,0.0042045517525558,0.1045522169820496,49.333333333333336,27.0,0.5472972972972973,25.45584412271571,99827,114673,0.7259414225941423,0.5955672333125293,0.5982018636920983,4.298294174444802,160
sugar,3.5,rand,50,0,61753,0.0042045517525558,0.0042249597532005,49.333333333333336,0.6666666666666666,0.0135135135135135,0.4714045207910317,99827,115083,0.7227254509018036,-0.0078035317247769,0.0009878766552101,4.779345357381429,157
sugar,3.5,rand,50,1,61753,0.0042045517525558,0.0041586449458428,49.333333333333336,0.6666666666666666,0.0135135135135135,0.4714045207910317,99827,115176,0.722752840499351,-0.0022558822362351,0.0072998091523648,4.77633371260076,155
sugar,3.5,rand,50,2,61753,0.0042045517525558,0.0042123256553692,49.333333333333336,0.3333333333333333,0.0067567567567567,0.4714045207910317,99827,114835,0.7216069036868318,-0.0054656894876706,0.0033959254635083,4.780990266293466,161
sugar,3.5,dp,50,0,61753,0.0042045517525558,0.1045522169820496,49.333333333333336,3.6666666666666665,0.0743243243243243,2.494438257849294,99827,115203,0.723604475937029,0.1232197176098761,0.1437735295809623,4.809027221135657,158
sugar,3.5,dp,50,1,61753,0.0042045517525558,0.1045522169820496,49.333333333333336,3.0,0.0608108108108108,1.4142135623730951,99827,115249,0.723738308768724,0.1277004824807795,0.1497752631977572,4.8064271383499095,153
sugar,3.5,dp,50,2,61753,0.0042045517525558,0.1045522169820496,49.333333333333336,2.333333333333333,0.0472972972972973,1.247219128924647,99827,114833,0.7215080237062225,0.1239262773107172,0.1426161445471239,4.848641597095801,161
sugar,3.5,act,50,0,61753,0.004204551752555869,0.04336903163655758,49.333333333333336,65.0,1.3175675675675675,5.0990195135927845,99827,111210,0.727248917589478,0.8824436291637617,0.883465752900803,2.712745844280207,156
