task,noise,method,k,seed,n_edges,frac_edges,frac_syn,wall_s,sugar100__readout_full,sugar100__readout,sugar100__readout_ratio,sugar100__readout_trial_sd,sugar100__n_active_full,sugar100__n_active,sugar100__jaccard_active,sugar100__pearson_union,sugar100__pearson_fullactive,sugar100__mean_abs_rate_diff,sugar100_bitter100__readout_full,sugar100_bitter100__readout,sugar100_bitter100__readout_ratio,sugar100_bitter100__readout_trial_sd,sugar100_bitter100__n_active_full,sugar100_bitter100__n_active,sugar100_bitter100__jaccard_active,sugar100_bitter100__pearson_union,sugar100_bitter100__pearson_fullactive,sugar100_bitter100__mean_abs_rate_diff,suppression_full,suppression,jonCE100__readout_full,jonCE100__readout,jonCE100__readout_ratio,jonCE100__readout_trial_sd,jonCE100__n_active_full,jonCE100__n_active,jonCE100__jaccard_active,jonCE100__pearson_union,jonCE100__pearson_fullactive,jonCE100__mean_abs_rate_diff,jonF100__readout_full,jonF100__readout,jonF100__readout_ratio,jonF100__readout_trial_sd,jonF100__n_active_full,jonF100__n_active,jonF100__jaccard_active,jonF100__pearson_union,jonF100__pearson_fullactive,jonF100__mean_abs_rate_diff,specificity_full,specificity
bitter,0.0,mag,0,0,14687178,1.0,1.0,499,67.33333333333333,67.33333333333333,1.0,2.0548046676563256,355.0,355.0,1.0,1.0,1.0,0.0,2.0,2.0,1.0,1.632993161855452,282.0,282.0,1.0,1.0,1.0,0.0,,,,,,,,,,,,,,,,,,,,,,,,
bitter,0.0,act,2,0,4770900,0.3248343555174452,0.7615352296514358,486,67.33333333333333,73.33333333333333,1.0891089108910892,4.189935029992178,355.0,347.0,0.95,0.9904859400851648,0.9903862128897858,1.8861111111111115,2.0,4.0,2.0,1.4142135623730951,282.0,292.0,0.8819672131147541,0.9932405690054166,0.9929781082994302,1.5661202185792351,0.9702970297029704,0.9454545454545454,,,,,,,,,,,,,,,,,,,,,,
bitter,0.0,shuf,2,0,4770900,0.3248343555174452,0.7627094809660686,454,67.33333333333333,0.0,0.0,0.0,355.0,78.0,0.1485411140583554,0.4679279739929977,0.4921578494619715,17.6710875331565,2.0,0.0,0.0,0.0,282.0,125.0,0.2446483180428134,0.5879244661369987,0.6290725443110773,12.715596330275227,0.9702970297029704,1.0,,,,,,,,,,,,,,,,,,,,,,
bitter,0.0,shuf,2,1,4770900,0.3248343555174452,0.7627094809660686,440,67.33333333333333,0.0,0.0,0.0,355.0,70.0,0.1424731182795699,0.4713058323832724,0.4968020699032105,18.00448028673835,2.0,0.0,0.0,0.0,282.0,101.0,0.2275641025641025,0.5729278663907912,0.6422521452840959,13.253205128205128,0.9702970297029704,1.0,,,,,,,,,,,,,,,,,,,,,,
bitter,0.0,shuf,2,2,4770900,0.3248343555174452,0.7627094809660686,451,67.33333333333333,0.0,0.0,0.0,355.0,68.0,0.1494565217391304,0.4868527006762932,0.5055202912429337,17.917572463768114,2.0,0.0,0.0,0.0,282.0,111.0,0.2242990654205607,0.5823027686998397,0.6309327075973731,12.53582554517134,0.9702970297029704,1.0,,,,,,,,,,,,,,,,,,,,,,
bitter,0.0,act,5,0,2071412,0.1410353983590312,0.5703254325772088,439,67.33333333333333,64.0,0.9504950495049506,1.4142135623730951,355.0,364.0,0.9224598930481284,0.9979900264225318,0.9979191776174474,1.0303030303030305,2.0,8.666666666666666,4.333333333333333,1.699673171197595,282.0,295.0,0.8259493670886076,0.981662251798731,0.9804562855780236,2.612869198312236,0.9702970297029704,0.8645833333333334,,,,,,,,,,,,,,,,,,,,,,
bitter,0.0,shuf,5,0,2071412,0.1410353983590312,0.5733365339714506,469,67.33333333333333,0.0,0.0,0.0,355.0,74.0,0.1753424657534246,0.5349171046773301,0.5536216876471993,17.38812785388128,2.0,0.0,0.0,0.0,282.0,97.0,0.2549668874172185,0.648991382542445,0.6845368291612552,12.367549668874172,0.9702970297029704,1.0,,,,,,,,,,,,,,,,,,,,,,
bitter,0.0,shuf,5,1,2071412,0.1410353983590312,0.5733365339714506,454,67.33333333333333,0.0,0.0,0.0,355.0,82.0,0.1469816272965879,0.4745585300275138,0.5208086902467786,17.58180227471566,2.0,0.0,0.0,0.0,282.0,107.0,0.219435736677116,0.5933961974664445,0.6277313343064213,12.951933124346915,0.9702970297029704,1.0,,,,,,,,,,,,,,,,,,,,,,
bitter,0.0,shuf,5,2,2071412,0.1410353983590312,0.5733365339714506,434,67.33333333333333,0.0,0.0,0.0,355.0,53.0,0.1396648044692737,0.5760558313356517,0.5770640979633849,17.534450651769088,2.0,0.0,0.0,0.0,282.0,83.0,0.2126245847176079,0.6820969148901045,0.7000857120241749,12.235880398671096,0.9702970297029704,1.0,,,,,,,,,,,,,,,,,,,,,,
bitter,0.0,act,10,0,895137,0.060946834034421,0.4006782711076234,449,67.33333333333333,67.0,0.9950495049504952,4.242640687119285,355.0,361.0,0.9195710455764076,0.9969596905052812,0.9968256112594406,1.2439678284182305,2.0,16.0,8.0,3.265986323710904,282.0,309.0,0.7485207100591716,0.9631619799284104,0.959830830678678,3.828402366863905,0.9702970297029704,0.7611940298507462,,,,,,,,,,,,,,,,,,,,,,
bitter,0.0,shuf,10,0,895137,0.060946834034421,0.4067287727599152,422,67.33333333333333,0.0,0.0,0.0,355.0,53.0,0.1301939058171745,0.560503320965235,0.5796774100747454,17.71560480147738,2.0,0.0,0.0,0.0,282.0,62.0,0.1862068965517241,0.7213561841191498,0.730299727571733,12.429885057471266,0.9702970297029704,1.0,,,,,,,,,,,,,,,,,,,,,,
bitter,0.0,shuf,10,1,895137,0.060946834034421,0.4067287727599152,426,67.33333333333333,0.0,0.0,0.0,355.0,53.0,0.1301939058171745,0.5247037110285099,0.5378273546061747,18.41828254847645,2.0,0.0,0.0,0.0,282.0,64.0,0.1728813559322033,0.5943072502537938,0.6173607464960476,13.898305084745765,0.9702970297029704,1.0,,,,,,,,,,,,,,,,,,,,,,
bitter,0.0,shuf,10,2,895137,0.060946834034421,0.4067287727599152,419,67.33333333333333,0.0,0.0,0.0,355.0,51.0,0.1246537396121883,0.5607871468015821,0.5704027706156225,17.83471837488458,2.0,0.0,0.0,0.0,282.0,66.0,0.1877133105802047,0.6820762707092571,0.6938962249120453,12.838452787258248,0.9702970297029704,1.0,,,,,,,,,,,,,,,,,,,,,,
bitter,0.0,act,31,0,150088,0.0102189814816706,0.15507845556924,411,67.33333333333333,64.66666666666667,0.9603960396039606,4.496912521077347,355.0,349.0,0.9610027855153204,0.9971586211312244,0.9971498529672106,1.2293407613741876,2.0,68.66666666666667,34.333333333333336,2.6246692913372702,282.0,356.0,0.6192893401015228,0.7178943730630006,0.7232735429193812,11.233502538071066,0.9702970297029704,-0.0618556701030927,,,,,,,,,,,,,,,,,,,,,,
bitter,0.0,shuf,31,0,150088,0.0102189814816706,0.1696945914260617,406,67.33333333333333,11.666666666666666,0.1732673267326732,2.0548046676563256,355.0,69.0,0.1876750700280112,0.4951403596265109,0.495387595374493,18.932773109243698,2.0,8.666666666666666,4.333333333333333,1.8856180831641267,282.0,73.0,0.1993243243243243,0.5946176566567897,0.6108826966465244,14.279279279279278,0.9702970297029704,0.2571428571428571,,,,,,,,,,,,,,,,,,,,,,
bitter,0.0,shuf,31,1,150088,0.0102189814816706,0.1696945914260617,404,67.33333333333333,1.3333333333333333,0.0198019801980198,0.4714045207910317,355.0,54.0,0.148876404494382,0.4720297727039018,0.4726473600945435,19.568352059925093,2.0,0.0,0.0,0.0,282.0,47.0,0.1228668941979522,0.6196510287320249,0.6219262148259864,14.312855517633672,0.9702970297029704,1.0,,,,,,,,,,,,,,,,,,,,,,
bitter,0.0,shuf,31,2,150088,0.0102189814816706,0.1696945914260617,402,67.33333333333333,7.666666666666667,0.1138613861386138,0.9428090415820634,355.0,77.0,0.180327868852459,0.4959719621030443,0.5126972438546589,18.02823315118397,2.0,5.333333333333333,2.6666666666666665,1.699673171197595,282.0,82.0,0.1818181818181818,0.600669095131378,0.6184125837409263,13.34307359307359,0.9702970297029704,0.3043478260869565,,,,,,,,,,,,,,,,,,,,,,
bitter,3.5,mag,0,0,14687178,1.0,1.0,807,32.666666666666664,32.666666666666664,1.0,2.867441755680876,99833.0,99833.0,1.0,1.0,1.0,0.0,1.3333333333333333,1.3333333333333333,1.0,0.4714045207910317,99586.0,99586.0,1.0,1.0,1.0,0.0,,,,,,,,,,,,,,,,,,,,,,,,
bitter,3.5,act,2,0,4770900,0.3248343555174452,0.68702454854457,828,32.666666666666664,42.0,1.2857142857142858,6.164414002968976,99833.0,99847.0,0.7624162613968349,0.9987524980169284,0.9988427242384216,0.6586642424028456,1.3333333333333333,4.0,3.0,0.816496580927726,99586.0,99741.0,0.7608547778690624,0.998731819355047,0.9988270217042932,0.6624852398578315,0.9591836734693876,0.9047619047619048,,,,,,,,,,,,,,,,,,,,,,
bitter,3.5,shuf,2,0,4770900,0.3248343555174452,0.7627094809660686,785,32.666666666666664,3.0,0.0918367346938775,1.4142135623730951,99833.0,107163.0,0.7239179499138024,0.7732260451523204,0.7914674989364525,3.7051626926952768,1.3333333333333333,1.3333333333333333,1.0,0.9428090415820634,99586.0,107126.0,0.7205067168278594,0.7735117380380139,0.7933412869072416,3.695539870934807,0.9591836734693876,0.5555555555555556,,,,,,,,,,,,,,,,,,,,,,
bitter,3.5,shuf,2,1,4770900,0.3248343555174452,0.7627094809660686,770,32.666666666666664,2.333333333333333,0.0714285714285714,0.4714045207910317,99833.0,106739.0,0.7203294552662042,0.7746371370846634,0.7924010033338753,3.681731999744608,1.3333333333333333,1.3333333333333333,1.0,0.4714045207910317,99586.0,106703.0,0.7215856457333611,0.7749394858442774,0.7929149646667933,3.677563112872938,0.9591836734693876,0.4285714285714286,,,,,,,,,,,,,,,,,,,,,,
bitter,3.5,shuf,2,2,4770900,0.3248343555174452,0.7627094809660686,789,32.666666666666664,3.333333333333333,0.1020408163265306,1.699673171197595,99833.0,106950.0,0.7214272037827894,0.7616862538851734,0.7797181117131078,3.736095502110337,1.3333333333333333,2.0,1.5,0.816496580927726,99586.0,106781.0,0.7198396559770651,0.7616930223774894,0.7802418562377749,3.7327655177011807,0.9591836734693876,0.4,,,,,,,,,,,,,,,,,,,,,,
bitter,3.5,act,5,0,2071412,0.1410353983590312,0.3860053291647503,833,32.666666666666664,39.0,1.1938775510204085,6.48074069840786,99833.0,103556.0,0.7617979279997228,0.9984407823424928,0.998556091652061,0.6906840834805911,1.3333333333333333,7.666666666666667,5.750000000000001,1.8856180831641267,99586.0,103527.0,0.7623228896427858,0.998084747104045,0.9982023620912692,0.705690958152933,0.9591836734693876,0.8034188034188035,,,,,,,,,,,,,,,,,,,,,,
bitter,3.5,shuf,5,0,2071412,0.1410353983590312,0.5733365339714506,819,32.666666666666664,0.3333333333333333,0.010204081632653,0.4714045207910317,99833.0,104786.0,0.7290918463059516,0.8168570410346769,0.8226410765209186,3.361422129081143,1.3333333333333333,1.0,0.75,1.4142135623730951,99586.0,104884.0,0.729103947501945,0.8163307844948597,0.8229226932151945,3.3546606681775653,0.9591836734693876,-2.0,,,,,,,,,,,,,,,,,,,,,,
bitter,3.5,shuf,5,1,2071412,0.1410353983590312,0.5733365339714506,865,32.666666666666664,5.0,0.1530612244897959,0.816496580927726,99833.0,104762.0,0.7283194512493876,0.8162583147556491,0.8247001702698342,3.3332826482398192,1.3333333333333333,2.333333333333333,1.7500000000000002,0.4714045207910317,99586.0,104804.0,0.7292755977460785,0.8157319124993263,0.8246134478454608,3.3404346526332414,0.9591836734693876,0.5333333333333333,,,,,,,,,,,,,,,,,,,,,,
bitter,3.5,shuf,5,2,2071412,0.1410353983590312,0.5733365339714506,732,32.666666666666664,1.0,0.0306122448979591,0.816496580927726,99833.0,104253.0,0.7265574769043349,0.8136823716462597,0.8200788121555377,3.368160129944841,1.3333333333333333,1.6666666666666667,1.2500000000000002,0.9428090415820634,99586.0,104155.0,0.7241201309966067,0.8135117122428954,0.8203634998786438,3.366753828491479,0.9591836734693876,-0.6666666666666667,,,,,,,,,,,,,,,,,,,,,,
bitter,3.5,act,10,0,895137,0.060946834034421,0.2089307387960129,746,32.666666666666664,32.666666666666664,1.0,0.9428090415820634,99833.0,107466.0,0.7563693053284418,0.9842307601176236,0.9843848188539948,1.2499823486716315,1.3333333333333333,42.0,31.5,8.04155872120988,99586.0,107289.0,0.7557818799066413,0.9829447638287738,0.9831419063535132,1.267175896456609,0.9591836734693876,-0.2857142857142858,,,,,,,,,,,,,,,,,,,,,,
bitter,3.5,shuf,10,0,895137,0.060946834034421,0.4067287727599152,720,32.666666666666664,7.666666666666667,0.2346938775510204,2.494438257849294,99833.0,105890.0,0.7322437500526267,0.8066935833688605,0.8101692919871563,3.3523771833065283,1.3333333333333333,4.0,3.0,1.632993161855452,99586.0,105826.0,0.7300183603685549,0.8060483059241845,0.8095952832116592,3.354489868108545,0.9591836734693876,0.4782608695652174,,,,,,,,,,,,,,,,,,,,,,
bitter,3.5,shuf,10,1,895137,0.060946834034421,0.4067287727599152,734,32.666666666666664,8.666666666666666,0.2653061224489796,2.0548046676563256,99833.0,106346.0,0.7320580995824828,0.8036025899422501,0.8068452179885254,3.362791961042925,1.3333333333333333,3.6666666666666665,2.75,0.4714045207910317,99586.0,106108.0,0.7294947575525716,0.8035847333864962,0.8075830287846475,3.365090709334948,0.9591836734693876,0.5769230769230769,,,,,,,,,,,,,,,,,,,,,,
bitter,3.5,shuf,10,2,895137,0.060946834034421,0.4067287727599152,730,32.666666666666664,0.3333333333333333,0.010204081632653,0.4714045207910317,99833.0,106567.0,0.7311660208343818,0.8017130224863221,0.8076088751717714,3.361755545490637,1.3333333333333333,1.3333333333333333,1.0,0.9428090415820634,99586.0,106366.0,0.730470949040037,0.8012016986308428,0.8069554189518136,3.365393717878699,0.9591836734693876,-3.0,,,,,,,,,,,,,,,,,,,,,,
bitter,3.5,act,31,0,150088,0.0102189814816706,0.0732289357814489,632,32.666666666666664,47.66666666666666,1.4591836734693877,4.027681991198191,99833.0,109924.0,0.7377944210168761,0.928504023976236,0.9287970523541454,2.160040208887379,1.3333333333333333,41.333333333333336,31.000000000000004,4.496912521077348,99586.0,109815.0,0.7358085480287808,0.9276754941058372,0.9280624326594652,2.1755142190833032,0.9591836734693876,0.1328671328671328,,,,,,,,,,,,,,,,,,,,,,
bitter,3.5,shuf,31,0,150088,0.0102189814816706,0.1696945914260617,632,32.666666666666664,9.666666666666666,0.2959183673469387,2.357022603955158,99833.0,113177.0,0.7294685990338164,0.687376880972598,0.6896341530972822,3.991512740361845,1.3333333333333333,6.0,4.5,1.4142135623730951,99586.0,112930.0,0.728418758234787,0.6865198065878162,0.6893818236131714,3.99424174894676,0.9591836734693876,0.3793103448275862,,,,,,,,,,,,,,,,,,,,,,
bitter,3.5,shuf,31,1,150088,0.0102189814816706,0.1696945914260617,625,32.666666666666664,5.333333333333333,0.163265306122449,0.4714045207910317,99833.0,112891.0,0.7284516380655226,0.6925439408817207,0.6951808915599159,3.9747654489512914,1.3333333333333333,6.666666666666667,5.000000000000001,3.0912061651652345,99586.0,112883.0,0.727741410855865,0.6921650718337562,0.6951732933544633,3.9698908992342616,0.9591836734693876,-0.2500000000000002,,,,,,,,,,,,,,,,,,,,,,
bitter,3.5,shuf,31,2,150088,0.0102189814816706,0.1696945914260617,628,32.666666666666664,8.333333333333334,0.2551020408163266,2.867441755680876,99833.0,113181.0,0.7295151180539768,0.688394789582533,0.690325430659667,3.999913394606649,1.3333333333333333,5.0,3.75,2.8284271247461903,99586.0,113206.0,0.7283581604639452,0.6877511604944492,0.6903783756640297,3.9935265355187712,0.9591836734693876,0.4,,,,,,,,,,,,,,,,,,,,,,
groom,0.0,mag,0,0,14687178,1.0,1.0,384,,,,,,,,,,,,,,,,,,,,,,,24.33333333333333,24.33333333333333,1.0,0.4714045207910317,188.0,188.0,1.0,1.0,1.0,0.0,0.3333333333333333,0.3333333333333333,1.0,0.4714045207910317,25.0,25.0,1.0,1.0,1.0,0.0,,
groom,0.0,act,2,0,4770900,0.3248343555174452,0.761976116099896,385,,,,,,,,,,,,,,,,,,,,,,,24.33333333333333,26.0,1.0684931506849316,0.816496580927726,188.0,210.0,0.8425925925925926,0.9943738699724508,0.9940178527847991,1.1111111111111112,0.3333333333333333,1.6666666666666667,5.000000000000001,0.9428090415820634,25.0,28.0,0.7666666666666667,0.8895287956499303,0.8810930843133226,6.866666666666669,24.0,24.33333333333333
groom,0.0,shuf,2,0,4770900,0.3248343555174452,0.7627094809660686,386,,,,,,,,,,,,,,,,,,,,,,,24.33333333333333,33.666666666666664,1.3835616438356164,1.8856180831641267,188.0,216.0,0.3377483443708609,0.4412438808929544,0.5599186054185947,11.19757174392936,0.3333333333333333,0.3333333333333333,1.0,0.4714045207910317,25.0,33.0,0.4871794871794871,0.6411568014487713,0.6485035097578022,13.658119658119658,24.0,33.33333333333333
groom,0.0,shuf,2,1,4770900,0.3248343555174452,0.7627094809660686,380,,,,,,,,,,,,,,,,,,,,,,,24.33333333333333,58.0,2.3835616438356166,1.4142135623730951,188.0,225.0,0.332258064516129,0.3873087631484994,0.4614307269551411,11.423655913978491,0.3333333333333333,18.33333333333333,55.0,1.699673171197595,25.0,41.0,0.4666666666666667,0.47846770534303,0.466770768518331,17.081481481481482,24.0,39.66666666666667
groom,0.0,shuf,2,2,4770900,0.3248343555174452,0.7627094809660686,385,,,,,,,,,,,,,,,,,,,,,,,24.33333333333333,5.0,0.2054794520547945,1.4142135623730951,188.0,197.0,0.3461538461538461,0.3361811984245418,0.4965223915574208,11.631701631701633,0.3333333333333333,3.333333333333333,10.000000000000002,1.8856180831641267,25.0,42.0,0.425531914893617,0.6408596328323134,0.699868124036537,12.5531914893617,24.0,1.6666666666666663
groom,0.0,act,5,0,2071412,0.1410353983590312,0.5712885789138347,385,,,,,,,,,,,,,,,,,,,,,,,24.33333333333333,24.33333333333333,1.0,2.494438257849294,188.0,202.0,0.813953488372093,0.9951140699766148,0.9950993830422928,1.103875968992248,0.3333333333333333,10.333333333333334,31.000000000000004,0.4714045207910317,25.0,25.0,0.5151515151515151,0.6379241522529628,0.5907802871487831,10.686868686868683,24.0,13.999999999999998
groom,0.0,shuf,5,0,2071412,0.1410353983590312,0.5733365339714506,385,,,,,,,,,,,,,,,,,,,,,,,24.33333333333333,14.666666666666666,0.6027397260273972,0.9428090415820634,188.0,164.0,0.4251012145748988,0.4519714381410231,0.5223237228881051,10.836707152496627,0.3333333333333333,21.666666666666668,65.00000000000001,2.0548046676563256,25.0,23.0,0.3714285714285714,0.3261746468170919,0.4263763185866351,16.457142857142856,24.0,-7.000000000000002
groom,0.0,shuf,5,1,2071412,0.1410353983590312,0.5733365339714506,383,,,,,,,,,,,,,,,,,,,,,,,24.33333333333333,34.666666666666664,1.4246575342465753,1.247219128924647,188.0,177.0,0.3931297709923664,0.5305445798362682,0.6005755845989033,10.774809160305344,0.3333333333333333,13.333333333333334,40.00000000000001,2.867441755680876,25.0,20.0,0.3636363636363636,0.5613192445413328,0.6288029004482723,13.545454545454543,24.0,21.33333333333333
groom,0.0,shuf,5,2,2071412,0.1410353983590312,0.5733365339714506,387,,,,,,,,,,,,,,,,,,,,,,,24.33333333333333,7.666666666666667,0.3150684931506849,2.357022603955158,188.0,179.0,0.4061302681992337,0.485374275393473,0.5485168778575364,11.134099616858238,0.3333333333333333,24.0,72.0,2.943920288775949,25.0,18.0,0.3870967741935484,0.5642231371190258,0.5542222136645829,12.956989247311828,24.0,-16.333333333333332
groom,0.0,act,10,0,895137,0.060946834034421,0.4024377065577919,388,,,,,,,,,,,,,,,,,,,,,,,24.33333333333333,27.666666666666668,1.1369863013698631,1.247219128924647,188.0,201.0,0.8262910798122066,0.9919635137217026,0.9913373183817508,1.4413145539906105,0.3333333333333333,1.6666666666666667,5.000000000000001,1.247219128924647,25.0,10.0,0.3461538461538461,0.3781075394804534,0.3833036416069378,16.346153846153847,24.0,26.0
groom,0.0,shuf,10,0,895137,0.060946834034421,0.4067287727599152,387,,,,,,,,,,,,,,,,,,,,,,,24.33333333333333,4.666666666666667,0.1917808219178082,1.247219128924647,188.0,149.0,0.4041666666666667,0.516785054185093,0.5603695102447328,10.263888888888888,0.3333333333333333,10.0,30.0,0.816496580927726,25.0,11.0,0.3333333333333333,0.0934551402697077,0.09741151878836,16.46913580246914,24.0,-5.333333333333333
groom,0.0,shuf,10,1,895137,0.060946834034421,0.4067287727599152,390,,,,,,,,,,,,,,,,,,,,,,,24.33333333333333,0.6666666666666666,0.0273972602739726,0.9428090415820634,188.0,167.0,0.4031620553359684,0.5482879155512078,0.5762932530679057,10.191040843214758,0.3333333333333333,17.666666666666668,53.00000000000001,0.9428090415820634,25.0,16.0,0.4137931034482758,0.2388733415631921,0.2728561538146648,14.896551724137932,24.0,-17.0
groom,0.0,shuf,10,2,895137,0.060946834034421,0.4067287727599152,388,,,,,,,,,,,,,,,,,,,,,,,24.33333333333333,40.333333333333336,1.6575342465753429,1.8856180831641267,188.0,142.0,0.4347826086956521,0.5164066877406293,0.5860673233275961,10.194202898550724,0.3333333333333333,0.0,0.0,0.0,25.0,11.0,0.3333333333333333,0.2811517439443169,0.3483314449981131,15.641975308641976,24.0,40.333333333333336
groom,0.0,act,31,0,150088,0.0102189814816706,0.1587880312626299,390,,,,,,,,,,,,,,,,,,,,,,,24.33333333333333,26.666666666666668,1.0958904109589045,2.0548046676563256,188.0,188.0,0.8706467661691543,0.995430615648418,0.9952837445267698,1.1592039800995024,0.3333333333333333,0.0,0.0,0.0,25.0,0.0,0.0,,,18.133333333333336,24.0,26.666666666666668
groom,0.0,shuf,31,0,150088,0.0102189814816706,0.1696945914260617,385,,,,,,,,,,,,,,,,,,,,,,,24.33333333333333,0.0,0.0,0.0,188.0,22.0,0.1111111111111111,0.3152658938875375,0.3175749408056404,12.206349206349206,0.3333333333333333,0.0,0.0,0.0,25.0,0.0,0.0,,,18.133333333333336,24.0,0.0
groom,0.0,shuf,31,1,150088,0.0102189814816706,0.1696945914260617,382,,,,,,,,,,,,,,,,,,,,,,,24.33333333333333,0.0,0.0,0.0,188.0,25.0,0.1269841269841269,0.3016782884645542,0.301255914507009,12.07231040564374,0.3333333333333333,0.0,0.0,0.0,25.0,0.0,0.0,,,18.133333333333336,24.0,0.0
groom,0.0,shuf,31,2,150088,0.0102189814816706,0.1696945914260617,380,,,,,,,,,,,,,,,,,,,,,,,24.33333333333333,0.0,0.0,0.0,188.0,32.0,0.116751269035533,0.3356595726531101,0.3609782638663896,11.642978003384094,0.3333333333333333,0.0,0.0,0.0,25.0,0.0,0.0,,,18.133333333333336,24.0,0.0
groom,3.5,mag,0,0,14687178,1.0,1.0,739,,,,,,,,,,,,,,,,,,,,,,,37.333333333333336,37.333333333333336,1.0,0.4714045207910317,99665.0,99665.0,1.0,1.0,1.0,0.0,16.0,16.0,1.0,0.816496580927726,99872.0,99872.0,1.0,0.9999999999999998,0.9999999999999998,0.0,,
groom,3.5,act,2,0,4770900,0.3248343555174452,0.6868495842841976,745,,,,,,,,,,,,,,,,,,,,,,,37.333333333333336,36.66666666666666,0.982142857142857,0.4714045207910317,99665.0,99934.0,0.7599925931804354,0.9988242870293236,0.9989207553786236,0.6486669194390804,16.0,14.0,0.875,4.546060565661952,99872.0,100350.0,0.7618352046742459,0.9987142749117242,0.9988086677431072,0.6529278565813712,21.333333333333336,22.666666666666664
groom,3.5,shuf,2,0,4770900,0.3248343555174452,0.7627094809660686,720,,,,,,,,,,,,,,,,,,,,,,,37.333333333333336,43.333333333333336,1.1607142857142858,0.9428090415820634,99665.0,107055.0,0.7199720437980497,0.7723511436702898,0.7916415923009263,3.72863624765645,16.0,18.33333333333333,1.1458333333333333,0.9428090415820634,99872.0,107294.0,0.7234964767348026,0.7733537337569155,0.792659000382385,3.6855073307765056,21.333333333333336,25.000000000000004
groom,3.5,shuf,2,1,4770900,0.3248343555174452,0.7627094809660686,720,,,,,,,,,,,,,,,,,,,,,,,37.333333333333336,58.66666666666666,1.5714285714285712,1.247219128924647,99665.0,106740.0,0.7214044451857721,0.7730543435446652,0.7924136238162104,3.716203105236089,16.0,31.0,1.9375,1.632993161855452,99872.0,106808.0,0.7222615724344819,0.7741582028605575,0.7932993290704117,3.6670610946766105,21.333333333333336,27.666666666666664
groom,3.5,shuf,2,2,4770900,0.3248343555174452,0.7627094809660686,719,,,,,,,,,,,,,,,,,,,,,,,37.333333333333336,20.0,0.5357142857142857,3.265986323710904,99665.0,106767.0,0.7195645111579438,0.7598533365465127,0.7788352610768188,3.759875828481148,16.0,22.33333333333333,1.3958333333333333,3.299831645537222,99872.0,107027.0,0.7207598326638223,0.7613153913051587,0.780648619393191,3.716035829237256,21.333333333333336,-2.333333333333332
groom,3.5,act,5,0,2071412,0.1410353983590312,0.3846541247137747,745,,,,,,,,,,,,,,,,,,,,,,,37.333333333333336,35.333333333333336,0.9464285714285714,1.247219128924647,99665.0,103560.0,0.7622549232143322,0.998421957745857,0.9985445211299931,0.6913687301821293,16.0,0.6666666666666666,0.0416666666666666,0.9428090415820634,99872.0,103709.0,0.7627892075367138,0.9981951697303236,0.9983173626093856,0.7045003232659093,21.333333333333336,34.66666666666667
groom,3.5,shuf,5,0,2071412,0.1410353983590312,0.5733365339714506,719,,,,,,,,,,,,,,,,,,,,,,,37.333333333333336,18.666666666666668,0.5,1.247219128924647,99665.0,104814.0,0.7276168267727845,0.8155255318895351,0.8221843865320042,3.376332457466973,16.0,27.33333333333333,1.7083333333333333,2.3570226039551585,99872.0,104961.0,0.7315001098919678,0.8158938148867177,0.8228059446459689,3.345807480543486,21.333333333333336,-8.666666666666664
groom,3.5,shuf,5,1,2071412,0.1410353983590312,0.5733365339714506,721,,,,,,,,,,,,,,,,,,,,,,,37.333333333333336,34.0,0.9107142857142856,3.741657386773941,99665.0,104838.0,0.7264484647919428,0.8150980588788926,0.824721993196576,3.3550522148024955,16.0,16.0,1.0,1.632993161855452,99872.0,104952.0,0.7280350966000169,0.8156335118738212,0.8246247660851954,3.31599313816474,21.333333333333336,18.0
groom,3.5,shuf,5,2,2071412,0.1410353983590312,0.5733365339714506,719,,,,,,,,,,,,,,,,,,,,,,,37.333333333333336,19.0,0.5089285714285714,2.449489742783178,99665.0,104336.0,0.7251524300005919,0.81255901059711,0.8200413322843305,3.386702860863756,16.0,29.33333333333333,1.8333333333333333,3.39934634239519,99872.0,104682.0,0.7283819180397128,0.8130865684581385,0.8211274813996626,3.3516237149697234,21.333333333333336,-10.333333333333332
groom,3.5,act,10,0,895137,0.060946834034421,0.2077423759328278,726,,,,,,,,,,,,,,,,,,,,,,,37.333333333333336,36.66666666666666,0.982142857142857,1.699673171197595,99665.0,107397.0,0.7542572479116186,0.984292764270042,0.9844378241584856,1.2397360082688036,16.0,1.0,0.0625,0.816496580927726,99872.0,107614.0,0.755707492088206,0.9840498556722987,0.9841923739797436,1.2368940637569317,21.333333333333336,35.666666666666664
groom,3.5,shuf,10,0,895137,0.060946834034421,0.4067287727599152,706,,,,,,,,,,,,,,,,,,,,,,,37.333333333333336,14.333333333333334,0.3839285714285714,3.6817870057290873,99665.0,105555.0,0.7320043549081334,0.8056144358559195,0.8096608080306977,3.377751708344938,16.0,18.0,1.125,2.8284271247461903,99872.0,105960.0,0.7316597119396958,0.8058691584063299,0.8089945815320955,3.335680553686005,21.333333333333336,-3.666666666666666
groom,3.5,shuf,10,1,895137,0.060946834034421,0.4067287727599152,704,,,,,,,,,,,,,,,,,,,,,,,37.333333333333336,9.333333333333334,0.25,1.247219128924647,99665.0,106476.0,0.7303869722152271,0.8020712852503387,0.8066589664160394,3.393970172640532,16.0,21.0,1.3125,3.265986323710904,99872.0,106107.0,0.7306541867616663,0.803152489050734,0.8070827411188997,3.349899454984401,21.333333333333336,-11.666666666666666
groom,3.5,shuf,10,2,895137,0.060946834034421,0.4067287727599152,703,,,,,,,,,,,,,,,,,,,,,,,37.333333333333336,42.333333333333336,1.1339285714285714,7.542472332656507,99665.0,106375.0,0.7284364880962367,0.8003643295299936,0.8062432180351301,3.381264365887623,16.0,4.666666666666667,0.2916666666666667,3.39934634239519,99872.0,106493.0,0.7317730186969219,0.8013244263318432,0.8068606661217526,3.345915433072628,21.333333333333336,37.66666666666667
groom,3.5,act,31,0,150088,0.0102189814816706,0.0728398358749242,712,,,,,,,,,,,,,,,,,,,,,,,37.333333333333336,15.666666666666666,0.4196428571428571,1.247219128924647,99665.0,109636.0,0.7366495187520743,0.9281989015693122,0.9286006321824648,2.1667855957517426,16.0,0.3333333333333333,0.0208333333333333,0.4714045207910317,99872.0,109913.0,0.736659547343499,0.9278550770544336,0.9282310782491616,2.1572045894799583,21.333333333333336,15.333333333333332
groom,3.5,shuf,31,0,150088,0.0102189814816706,0.1696945914260617,714,,,,,,,,,,,,,,,,,,,,,,,37.333333333333336,1.0,0.0267857142857142,0.816496580927726,99665.0,112997.0,0.7276530753170367,0.6860082074929074,0.6886852784871521,4.019467665369545,16.0,0.3333333333333333,0.0208333333333333,0.4714045207910317,99872.0,113056.0,0.7309812210389399,0.6863147153110718,0.6884504981424756,3.983922716310327,21.333333333333336,0.6666666666666667
groom,3.5,shuf,31,1,150088,0.0102189814816706,0.1696945914260617,720,,,,,,,,,,,,,,,,,,,,,,,37.333333333333336,0.3333333333333333,0.0089285714285714,0.4714045207910317,99665.0,112938.0,0.7293232471124126,0.6921868005347076,0.6951893845455825,3.9910308551596994,16.0,2.0,0.125,0.0,99872.0,112866.0,0.7293101065689039,0.692302762741879,0.6946893254307569,3.9571502505033096,21.333333333333336,-1.6666666666666667
groom,3.5,shuf,31,2,150088,0.0102189814816706,0.1696945914260617,718,,,,,,,,,,,,,,,,,,,,,,,37.333333333333336,0.6666666666666666,0.0178571428571428,0.4714045207910317,99665.0,113112.0,0.7286715900135676,0.6879469349412789,0.6902222847985907,4.011739663815026,16.0,0.6666666666666666,0.0416666666666666,0.4714045207910317,99872.0,113110.0,0.7274740248679953,0.6878435802409276,0.6898356641709423,3.980520340765615,21.333333333333336,0.0
sugar,0.0,mag,0,0,14687178,1.0,1.0,149,66.33333333333333,66.33333333333333,1.0,4.642796092394706,348.0,348.0,1.0,1.0,1.0,0.0,,,,,,,,,,,,,,,,,,,,,,,,,,,,,,,,,,
sugar,0.0,shuf,2,0,4770900,0.3248343555174452,0.7627094809660686,141,66.33333333333333,0.0,0.0,0.0,348.0,80.0,0.1536388140161725,0.4638987850553984,0.4905104631413479,17.98921832884097,,,,,,,,,,,,,,,,,,,,,,,,,,,,,,,,,,
sugar,0.0,shuf,2,1,4770900,0.3248343555174452,0.7627094809660686,141,66.33333333333333,0.0,0.0,0.0,348.0,70.0,0.1515151515151515,0.4739102952416379,0.4951732803578583,18.41322314049587,,,,,,,,,,,,,,,,,,,,,,,,,,,,,,,,,,
sugar,0.0,shuf,2,2,4770900,0.3248343555174452,0.7627094809660686,144,66.33333333333333,0.0,0.0,0.0,348.0,71.0,0.1510989010989011,0.4822393799804234,0.5004418906333019,18.18956043956044,,,,,,,,,,,,,,,,,,,,,,,,,,,,,,,,,,
sugar,0.0,shuf,5,0,2071412,0.1410353983590312,0.5733365339714506,139,66.33333333333333,0.0,0.0,0.0,348.0,74.0,0.1754874651810584,0.5336404627873156,0.5551177726737273,17.66573816155989,,,,,,,,,,,,,,,,,,,,,,,,,,,,,,,,,,
sugar,0.0,shuf,5,1,2071412,0.1410353983590312,0.5733365339714506,142,66.33333333333333,0.0,0.0,0.0,348.0,83.0,0.1586021505376344,0.4745075746855174,0.5218480406380872,17.916666666666668,,,,,,,,,,,,,,,,,,,,,,,,,,,,,,,,,,
sugar,0.0,shuf,5,2,2071412,0.1410353983590312,0.5733365339714506,141,66.33333333333333,0.0,0.0,0.0,348.0,54.0,0.1420454545454545,0.5752589320436141,0.5776334728782138,17.989583333333336,,,,,,,,,,,,,,,,,,,,,,,,,,,,,,,,,,
sugar,0.0,shuf,10,0,895137,0.060946834034421,0.4067287727599152,141,66.33333333333333,0.0,0.0,0.0,348.0,50.0,0.1242937853107344,0.5564973932999212,0.5761436484042536,18.124293785310734,,,,,,,,,,,,,,,,,,,,,,,,,,,,,,,,,,
sugar,0.0,shuf,10,1,895137,0.060946834034421,0.4067287727599152,142,66.33333333333333,0.0,0.0,0.0,348.0,53.0,0.1264044943820224,0.5246969824041436,0.5412960796808832,18.71722846441948,,,,,,,,,,,,,,,,,,,,,,,,,,,,,,,,,,
sugar,0.0,shuf,10,2,895137,0.060946834034421,0.4067287727599152,143,66.33333333333333,0.0,0.0,0.0,348.0,51.0,0.1271186440677966,0.560118136417008,0.5732817765062878,18.221280602636533,,,,,,,,,,,,,,,,,,,,,,,,,,,,,,,,,,
sugar,0.0,shuf,31,0,150088,0.0102189814816706,0.1696945914260617,146,66.33333333333333,12.666666666666666,0.1909547738693467,1.699673171197595,348.0,74.0,0.2057142857142857,0.4880964466779106,0.4898241818823854,19.36380952380952,,,,,,,,,,,,,,,,,,,,,,,,,,,,,,,,,,
sugar,0.0,shuf,31,1,150088,0.0102189814816706,0.1696945914260617,146,66.33333333333333,0.6666666666666666,0.0100502512562814,0.9428090415820634,348.0,49.0,0.1375358166189111,0.4626070784252128,0.4628524168180463,20.052531041069724,,,,,,,,,,,,,,,,,,,,,,,,,,,,,,,,,,
sugar,0.0,shuf,31,2,150088,0.0102189814816706,0.1696945914260617,145,66.33333333333333,9.666666666666666,0.1457286432160804,1.699673171197595,348.0,76.0,0.1777777777777777,0.5012442720485182,0.5152309913596013,18.29907407407408,,,,,,,,,,,,,,,,,,,,,,,,,,,,,,,,,,
sugar,0.0,randm,1,0,7382052,0.5026188148601454,0.7890017962201847,164,66.33333333333333,63.333333333333336,0.9547738693467338,2.6246692913372702,348.0,342.0,0.9327731092436976,0.992213147321378,0.9921916964457697,2.704948646125117,,,,,,,,,,,,,,,,,,,,,,,,,,,,,,,,,,
sugar,0.0,randm,1,1,7382052,0.5026188148601454,0.7888043292488324,166,66.33333333333333,65.66666666666667,0.9899497487437188,4.109609335312651,348.0,350.0,0.9281767955801103,0.9900651493699348,0.9898473155978164,2.8029465930018413,,,,,,,,,,,,,,,,,,,,,,,,,,,,,,,,,,
sugar,0.0,randm,1,2,7382052,0.5026188148601454,0.7889760165992725,169,66.33333333333333,66.66666666666667,1.0050251256281408,2.0548046676563256,348.0,335.0,0.9348441926345608,0.9897477599981316,0.9896923476356198,2.557129367327668,,,,,,,,,,,,,,,,,,,,,,,,,,,,,,,,,,
sugar,0.0,randm,2,0,4770900,0.3248343555174452,0.6494762749732027,158,66.33333333333333,61.66666666666666,0.9296482412060302,2.494438257849294,348.0,331.0,0.8756906077348067,0.9400117105242188,0.9394884600544572,6.980662983425416,,,,,,,,,,,,,,,,,,,,,,,,,,,,,,,,,,
sugar,0.0,randm,2,1,4770900,0.3248343555174452,0.6494978495420632,155,66.33333333333333,64.66666666666667,0.9748743718592966,0.9428090415820634,348.0,308.0,0.8375350140056023,0.9474358976269528,0.946827807489782,5.873015873015873,,,,,,,,,,,,,,,,,,,,,,,,,,,,,,,,,,
sugar,0.0,randm,2,2,4770900,0.3248343555174452,0.6497396210933669,156,66.33333333333333,66.33333333333333,1.0,6.342099196813483,348.0,317.0,0.8627450980392157,0.9614802671235184,0.9609678297493814,5.151260504201681,,,,,,,,,,,,,,,,,,,,,,,,,,,,,,,,,,
sugar,0.0,randm,3,0,3428019,0.2334021552676763,0.5489618929280476,156,66.33333333333333,61.333333333333336,0.9246231155778896,8.956685895029603,348.0,264.0,0.6495956873315364,0.787944602917982,0.7864940343056573,10.183288409703504,,,,,,,,,,,,,,,,,,,,,,,,,,,,,,,,,,
sugar,0.0,randm,3,1,3428019,0.2334021552676763,0.5491044100975877,152,66.33333333333333,62.66666666666666,0.9447236180904522,0.9428090415820634,348.0,302.0,0.8055555555555556,0.9348952165206256,0.9348028834392844,7.4527777777777775,,,,,,,,,,,,,,,,,,,,,,,,,,,,,,,,,,
sugar,0.0,randm,3,2,3428019,0.2334021552676763,0.5490997125619622,152,66.33333333333333,54.333333333333336,0.8190954773869348,2.867441755680876,348.0,229.0,0.5722070844686649,0.7813316229417265,0.779084177623882,10.864668483197097,,,,,,,,,,,,,,,,,,,,,,,,,,,,,,,,,,
sugar,0.0,randm,5,0,2071412,0.1410353983590312,0.4118370775691367,150,66.33333333333333,12.0,0.1809045226130653,5.354126134736337,348.0,166.0,0.4438202247191011,0.6932918396066833,0.6949534689369294,16.85112359550562,,,,,,,,,,,,,,,,,,,,,,,,,,,,,,,,,,
sugar,0.0,randm,5,1,2071412,0.1410353983590312,0.4120205655836681,151,66.33333333333333,13.0,0.1959798994974874,10.23067283548187,348.0,196.0,0.5587392550143266,0.7325094579141236,0.7328426982386531,16.87106017191977,,,,,,,,,,,,,,,,,,,,,,,,,,,,,,,,,,
sugar,0.0,randm,5,2,2071412,0.1410353983590312,0.4118823671162353,151,66.33333333333333,44.333333333333336,0.6683417085427137,1.699673171197595,348.0,218.0,0.5898876404494382,0.745649023523883,0.7467985031989562,13.588951310861423,,,,,,,,,,,,,,,,,,,,,,,,,,,,,,,,,,
sugar,0.0,randm,10,0,895137,0.060946834034421,0.2366733802911369,146,66.33333333333333,1.6666666666666667,0.0251256281407035,0.4714045207910317,348.0,49.0,0.1408045977011494,0.5516335450432742,0.5516335450432742,20.049808429118773,,,,,,,,,,,,,,,,,,,,,,,,,,,,,,,,,,
sugar,0.0,randm,10,1,895137,0.060946834034421,0.236584392297716,146,66.33333333333333,1.3333333333333333,0.0201005025125628,0.4714045207910317,348.0,39.0,0.1120689655172413,0.5271185899479964,0.5271185899479964,20.001915708812263,,,,,,,,,,,,,,,,,,,,,,,,,,,,,,,,,,
sugar,0.0,randm,10,2,895137,0.060946834034421,0.2368259744322606,145,66.33333333333333,0.0,0.0,0.0,348.0,18.0,0.0487106017191977,0.394620849641164,0.3950119495626942,20.975167144221587,,,,,,,,,,,,,,,,,,,,,,,,,,,,,,,,,,
sugar,0.0,randm,3,3,3428019,0.2334021552676763,0.5489794139782636,140,66.33333333333333,64.33333333333333,0.9698492462311558,0.4714045207910317,348.0,334.0,0.7178841309823678,0.937126321515757,0.9341171191373376,6.718723761544919,,,,,,,,,,,,,,,,,,,,,,,,,,,,,,,,,,
sugar,0.0,randm,3,4,3428019,0.2334021552676763,0.5488984004304004,333,66.33333333333333,42.333333333333336,0.6381909547738694,2.867441755680876,348.0,234.0,0.6440677966101694,0.8076836897588111,0.8092339820629654,12.210922787193972,,,,,,,,,,,,,,,,,,,,,,,,,,,,,,,,,,
sugar,0.0,randm,5,3,2071412,0.1410353983590312,0.4120044462174695,336,66.33333333333333,17.333333333333332,0.2613065326633166,2.867441755680876,348.0,174.0,0.4704225352112676,0.684900652571103,0.6894911675760687,16.917370892018777,,,,,,,,,,,,,,,,,,,,,,,,,,,,,,,,,,
sugar,0.0,randm,5,4,2071412,0.14103539835903126,0.41186219423139214,258,66.33333333333333,26.333333333333332,0.3969849246231156,1.699673171197595,348.0,172.0,0.45251396648044695,0.7397131662385618,0.741830755811019,15.426443202979517,,,,,,,,,,,,,,,,,,,,,,,,,,,,,,,,,,
